{"cameraMode":{"drawMode":0,"name":"Shaded","section":"Shading Mode"},"sceneLighting":true,"audioPlay":false,"sceneViewState":{"showFog":true,"showMaterialUpdate":true,"showSkybox":true,"showFlares":true,"showImageEffects":true,"showParticleSystems":true},"in2DMode":false,"pivot":{"x":159.95895385742188,"y":410.6999816894531,"z":141.37489318847657},"rotation":{"x":-0.008284222334623337,"y":0.36175671219825747,"z":0.00268194661475718,"w":0.9326450824737549},"size":186.70556640625,"orthographic":false}