{"cameraMode":{"drawMode":0,"name":"Shaded","section":"Shading Mode"},"sceneLighting":true,"audioPlay":false,"sceneViewState":{"showFog":true,"showMaterialUpdate":true,"showSkybox":true,"showFlares":true,"showImageEffects":true,"showParticleSystems":true},"in2DMode":false,"pivot":{"x":393.54150390625,"y":-100.18824768066406,"z":675.5154418945313},"rotation":{"x":0.06546298414468765,"y":0.25745099782943728,"z":-0.0174857210367918,"w":0.963921308517456},"size":811.4114990234375,"orthographic":false}