{"cameraMode":{"drawMode":0,"name":"Shaded","section":"Shading Mode"},"sceneLighting":true,"audioPlay":false,"sceneViewState":{"showFog":true,"showMaterialUpdate":false,"showSkybox":true,"showFlares":true,"showImageEffects":true,"showParticleSystems":true},"in2DMode":false,"pivot":{"x":0.14005804061889649,"y":8.416893005371094,"z":-3.5899133682250978},"rotation":{"x":-0.15261681377887727,"y":0.03467884287238121,"z":-0.005361209157854319,"w":-0.9876707196235657},"size":10.0,"orthographic":false}