{"cameraMode":{"drawMode":0,"name":"Shaded","section":"Shading Mode"},"sceneLighting":true,"audioPlay":false,"sceneViewState":{"showFog":true,"showMaterialUpdate":true,"showSkybox":true,"showFlares":true,"showImageEffects":true,"showParticleSystems":true},"in2DMode":false,"pivot":{"x":598.5536499023438,"y":287.3800048828125,"z":90.43804931640625},"rotation":{"x":-0.055740393698215488,"y":0.038028933107852939,"z":-0.0021245277021080257,"w":-0.9977196455001831},"size":811.4114990234375,"orthographic":false}