{"cameraMode":{"drawMode":0,"name":"Shaded","section":"Shading Mode"},"sceneLighting":true,"audioPlay":false,"sceneViewState":{"showFog":true,"showMaterialUpdate":true,"showSkybox":true,"showFlares":true,"showImageEffects":true,"showParticleSystems":true},"in2DMode":false,"pivot":{"x":13.56728458404541,"y":2.371824264526367,"z":8.211978912353516},"rotation":{"x":-0.1367860585451126,"y":0.33296483755111697,"z":-0.049028430134058,"w":-0.9317718148231506},"size":10.744136810302735,"orthographic":false}