{"cameraMode":{"drawMode":0,"name":"Shaded","section":"Shading Mode"},"sceneLighting":true,"audioPlay":false,"sceneViewState":{"showFog":true,"showMaterialUpdate":true,"showSkybox":true,"showFlares":true,"showImageEffects":true,"showParticleSystems":true},"in2DMode":false,"pivot":{"x":418.1009521484375,"y":-189.66929626464845,"z":649.376220703125},"rotation":{"x":0.11798474937677384,"y":0.2804485857486725,"z":-0.03475926071405411,"w":0.9519649744033814},"size":811.4114990234375,"orthographic":false}