{"cameraMode":{"drawMode":0,"name":"Shaded","section":"Shading Mode"},"sceneLighting":true,"audioPlay":false,"sceneViewState":{"showFog":true,"showMaterialUpdate":true,"showSkybox":true,"showFlares":true,"showImageEffects":true,"showParticleSystems":true},"in2DMode":false,"pivot":{"x":85.1300048828125,"y":399.4933776855469,"z":98.79711151123047},"rotation":{"x":-0.06867290288209915,"y":-0.9201303124427795,"z":0.1972772479057312,"w":-0.3328566253185272},"size":73.59385681152344,"orthographic":false}