{"cameraMode":{"drawMode":0,"name":"Shaded","section":"Shading Mode"},"sceneLighting":true,"audioPlay":false,"sceneViewState":{"showFog":true,"showMaterialUpdate":true,"showSkybox":true,"showFlares":true,"showImageEffects":true,"showParticleSystems":true},"in2DMode":false,"pivot":{"x":12.81796932220459,"y":401.6728210449219,"z":11.538839340209961},"rotation":{"x":0.027999157086014749,"y":-0.47149965167045596,"z":0.01194038800895214,"w":0.8819485902786255},"size":8.794682502746582,"orthographic":false}