{"cameraMode":{"drawMode":0,"name":"Shaded","section":"Shading Mode"},"sceneLighting":true,"audioPlay":false,"sceneViewState":{"showFog":true,"showMaterialUpdate":true,"showSkybox":true,"showFlares":true,"showImageEffects":true,"showParticleSystems":true},"in2DMode":false,"pivot":{"x":11.65821647644043,"y":402.0332336425781,"z":7.194659233093262},"rotation":{"x":0.03388248756527901,"y":-0.9293473958969116,"z":0.09003527462482453,"w":0.3574787974357605},"size":4.569103240966797,"orthographic":false}