{"cameraMode":{"drawMode":0,"name":"Shaded","section":"Shading Mode"},"sceneLighting":true,"audioPlay":false,"sceneViewState":{"showFog":true,"showMaterialUpdate":true,"showSkybox":true,"showFlares":true,"showImageEffects":true,"showParticleSystems":true},"in2DMode":false,"pivot":{"x":4.673336505889893,"y":4.838047504425049,"z":-1.2883042097091675},"rotation":{"x":-0.2677256762981415,"y":0.32317855954170229,"z":-0.09580445289611817,"w":-0.9026767611503601},"size":3.7296135425567629,"orthographic":false}