{"cameraMode":{"drawMode":0,"name":"Shaded","section":"Shading Mode"},"sceneLighting":true,"audioPlay":false,"sceneViewState":{"showFog":true,"showMaterialUpdate":true,"showSkybox":true,"showFlares":true,"showImageEffects":true,"showParticleSystems":true},"in2DMode":false,"pivot":{"x":-0.6758868098258972,"y":4.214019775390625,"z":0.2056431770324707},"rotation":{"x":-0.06776216626167298,"y":-0.004195800516754389,"z":0.0003477591380942613,"w":-0.9977535605430603},"size":3.7296135425567629,"orthographic":false}