{"cameraMode":{"drawMode":0,"name":"Shaded","section":"Shading Mode"},"sceneLighting":true,"audioPlay":false,"sceneViewState":{"showFog":true,"showMaterialUpdate":true,"showSkybox":true,"showFlares":true,"showImageEffects":true,"showParticleSystems":true},"in2DMode":false,"pivot":{"x":11.035778045654297,"y":402.19952392578127,"z":6.097493648529053},"rotation":{"x":0.06846785545349121,"y":-0.6942964196205139,"z":0.06757606565952301,"w":0.7137437462806702},"size":15.758495330810547,"orthographic":false}