{"cameraMode":{"drawMode":0,"name":"Shaded","section":"Shading Mode"},"sceneLighting":true,"audioPlay":false,"sceneViewState":{"showFog":true,"showMaterialUpdate":true,"showSkybox":true,"showFlares":true,"showImageEffects":true,"showParticleSystems":true},"in2DMode":false,"pivot":{"x":-36.02411651611328,"y":428.5544128417969,"z":139.7625732421875},"rotation":{"x":-0.03986343368887901,"y":0.48128947615623476,"z":-0.021548524498939515,"w":-0.8758901357650757},"size":143.55287170410157,"orthographic":false}