{"cameraMode":{"drawMode":0,"name":"Shaded","section":"Shading Mode"},"sceneLighting":true,"audioPlay":false,"sceneViewState":{"showFog":true,"showMaterialUpdate":true,"showSkybox":true,"showFlares":true,"showImageEffects":true,"showParticleSystems":true},"in2DMode":false,"pivot":{"x":11.128719329833985,"y":76.00977325439453,"z":-312.3792724609375},"rotation":{"x":-0.008672920987010003,"y":-0.06264722347259522,"z":-0.0005417637876234949,"w":0.9980143308639526},"size":22.0,"orthographic":false}