{"cameraMode":{"drawMode":0,"name":"Shaded","section":"Shading Mode"},"sceneLighting":true,"audioPlay":false,"sceneViewState":{"showFog":true,"showMaterialUpdate":true,"showSkybox":true,"showFlares":true,"showImageEffects":true,"showParticleSystems":true},"in2DMode":false,"pivot":{"x":132.01248168945313,"y":444.8507080078125,"z":203.7952117919922},"rotation":{"x":0.05068551003932953,"y":-0.9442657232284546,"z":0.17514830827713014,"w":0.27503710985183718},"size":22.0,"orthographic":false}