{"cameraMode":{"drawMode":0,"name":"Shaded","section":"Shading Mode"},"sceneLighting":true,"audioPlay":false,"sceneViewState":{"showFog":true,"showMaterialUpdate":true,"showSkybox":true,"showFlares":true,"showImageEffects":true,"showParticleSystems":true},"in2DMode":false,"pivot":{"x":19.03776741027832,"y":401.2403869628906,"z":21.09821891784668},"rotation":{"x":0.037661679089069369,"y":-0.288678377866745,"z":0.011275406926870346,"w":0.9569202065467835},"size":21.91828727722168,"orthographic":false}