{"cameraMode":{"drawMode":0,"name":"Shaded","section":"Shading Mode"},"sceneLighting":true,"audioPlay":false,"sceneViewState":{"showFog":true,"showMaterialUpdate":true,"showSkybox":true,"showFlares":true,"showImageEffects":true,"showParticleSystems":true},"in2DMode":false,"pivot":{"x":-28.03519630432129,"y":436.520263671875,"z":95.11811828613281},"rotation":{"x":0.2338414192199707,"y":-0.6883044838905335,"z":0.252643883228302,"w":0.6391040086746216},"size":186.70556640625,"orthographic":false}