{"cameraMode":{"drawMode":0,"name":"Shaded","section":"Shading Mode"},"sceneLighting":true,"audioPlay":false,"sceneViewState":{"showFog":true,"showMaterialUpdate":true,"showSkybox":true,"showFlares":true,"showImageEffects":true,"showParticleSystems":true},"in2DMode":false,"pivot":{"x":-160.88311767578126,"y":301.3460693359375,"z":-80.99329376220703},"rotation":{"x":-0.12270618975162506,"y":0.8550177812576294,"z":-0.2356220781803131,"w":-0.446001261472702},"size":356.02960205078127,"orthographic":false}