{"cameraMode":{"drawMode":0,"name":"Shaded","section":"Shading Mode"},"sceneLighting":true,"audioPlay":false,"sceneViewState":{"showFog":true,"showMaterialUpdate":true,"showSkybox":true,"showFlares":true,"showImageEffects":true,"showParticleSystems":true},"in2DMode":false,"pivot":{"x":406.08013916015627,"y":-81.96122741699219,"z":679.8179321289063},"rotation":{"x":0.05376024171710014,"y":0.2663140296936035,"z":-0.014878342859447003,"w":0.9622800946235657},"size":811.4114990234375,"orthographic":false}