{"cameraMode":{"drawMode":0,"name":"Shaded","section":"Shading Mode"},"sceneLighting":true,"audioPlay":false,"sceneViewState":{"showFog":true,"showMaterialUpdate":true,"showSkybox":true,"showFlares":true,"showImageEffects":true,"showParticleSystems":true},"in2DMode":false,"pivot":{"x":5.739817142486572,"y":5.376016616821289,"z":-3.933901071548462},"rotation":{"x":-0.11668051034212113,"y":0.07916906476020813,"z":-0.009275855496525765,"w":-0.9900233149528503},"size":3.7296135425567629,"orthographic":false}