{"cameraMode":{"drawMode":0,"name":"Shaded","section":"Shading Mode"},"sceneLighting":true,"audioPlay":false,"sceneViewState":{"showFog":true,"showMaterialUpdate":true,"showSkybox":true,"showFlares":true,"showImageEffects":true,"showParticleSystems":true},"in2DMode":false,"pivot":{"x":96.47978973388672,"y":446.6336975097656,"z":156.23318481445313},"rotation":{"x":0.19690904021263123,"y":0.040824662894010547,"z":-0.00786825455725193,"w":0.9798093438148499},"size":22.0,"orthographic":false}