{"cameraMode":{"drawMode":0,"name":"Shaded","section":"Shading Mode"},"sceneLighting":true,"audioPlay":false,"sceneViewState":{"showFog":true,"showMaterialUpdate":true,"showSkybox":true,"showFlares":true,"showImageEffects":true,"showParticleSystems":true},"in2DMode":false,"pivot":{"x":6.0955586433410648,"y":3.8555524349212648,"z":2.4469587802886965},"rotation":{"x":-0.11576421558856964,"y":0.6604437828063965,"z":-0.10409285873174668,"w":-0.7346146702766419},"size":2.0069479942321779,"orthographic":false}