{"cameraMode":{"drawMode":0,"name":"Shaded","section":"Shading Mode"},"sceneLighting":true,"audioPlay":false,"sceneViewState":{"showFog":true,"showMaterialUpdate":true,"showSkybox":true,"showFlares":true,"showImageEffects":true,"showParticleSystems":true},"in2DMode":false,"pivot":{"x":8.448423385620118,"y":7.7204508781433109,"z":-4.718923568725586},"rotation":{"x":-0.15254518389701844,"y":0.40767332911491396,"z":-0.06924280524253845,"w":-0.8976805806159973},"size":0.9930519461631775,"orthographic":false}